N,fx,fy,fs,direction,dropout,hidden_size,lr,num_layers,n_params,inference_10k_s,train_time_s,accuracy,precision,recall,f1,best_epoch
100,17,39,450,bidirectional,0,128,0.001,1,136714,0.227763457,212.4839327,89.56,89.46318159,89.43680019,89.44095546,21
100,17,39,450,bidirectional,0,128,0.01,1,136714,0.270127417,222.1147375,90.22,90.19779349,90.1399259,90.1470308,17
100,17,39,450,unidirectional,0,128,0.001,1,68362,0.112653815,285.7292744,90.02,89.94303156,89.89934839,89.91519176,33
100,17,39,450,unidirectional,0,128,0.01,1,68362,0.12401649,166.1505735,90.49,90.46779946,90.38110709,90.40404421,21
100,17,39,450,bidirectional,0.2,128,0.001,1,136714,0.231581276,274.2997213,90.22,90.13358299,90.10382741,90.11119196,28
100,17,39,450,bidirectional,0.2,128,0.01,1,136714,0.254333667,366.8188382,90.54,90.47311162,90.45132306,90.44831698,33
100,17,39,450,unidirectional,0.2,128,0.001,1,68362,0.125515369,316.4647376,89.92,89.85083483,89.79163827,89.81451903,46
100,17,39,450,unidirectional,0.2,128,0.01,1,68362,0.136382824,312.9686822,90.65,90.60887785,90.54948115,90.57286577,48
100,17,39,450,bidirectional,0,128,0.001,2,531978,0.600721336,346.7529319,90.4,90.328442,90.29498442,90.28757818,18
100,17,39,450,bidirectional,0,128,0.01,2,531978,0.545056399,268.2365901,88.43,88.51750329,88.23291817,88.30522289,10
100,17,39,450,unidirectional,0,128,0.001,2,200458,0.225224291,318.1986856,90.28,90.19305627,90.14700736,90.16248659,32
100,17,39,450,unidirectional,0,128,0.01,2,200458,0.289984607,377.4609867,84.65,84.67977299,84.52354931,84.51299009,50
100,17,39,450,bidirectional,0.2,128,0.001,2,531978,0.537245895,399.1105542,90.49,90.38874995,90.39216981,90.37802815,21
100,17,39,450,bidirectional,0.2,128,0.01,2,531978,0.442771289,403.7264683,92.22,92.14212371,92.14424531,92.14047375,33
100,17,39,450,unidirectional,0.2,128,0.001,2,200458,0.281106243,386.5561766,91.15,91.05159591,91.04639951,91.04680573,32
100,17,39,450,unidirectional,0.2,128,0.01,2,200458,0.289265195,453.3391993,91.04,90.97133614,90.93790633,90.93365469,48
100,17,39,450,bidirectional,0,128,0.001,3,927242,0.781399189,463.0576522,90.57,90.52148136,90.4543863,90.47931581,17
100,17,39,450,bidirectional,0,128,0.01,3,927242,0.721987555,242.3806877,84.24,84.05664408,84.04919283,84.03087708,10
100,17,39,450,unidirectional,0,128,0.001,3,332554,0.418702096,403.0288666,90.78,90.69515995,90.67324119,90.6800841,33
100,17,39,450,unidirectional,0,128,0.01,3,332554,0.29602526,297.8534368,90.7,90.64956025,90.59083859,90.61167271,33
100,17,39,450,bidirectional,0.2,128,0.001,3,927242,0.799115476,555.802699,91.32,91.23650968,91.22956621,91.22913516,23
100,17,39,450,bidirectional,0.2,128,0.01,3,927242,0.729622236,195.7242256,74.14,73.95863793,73.82736192,73.72533907,3
100,17,39,450,unidirectional,0.2,128,0.001,3,332554,0.32753039,360.3467703,91.14,91.07802792,91.02798288,91.04584256,31
100,17,39,450,unidirectional,0.2,128,0.01,3,332554,0.331002676,373.7789237,77.38,77.06909452,77.04912559,77.0107563,49
100,17,39,450,bidirectional,0,128,0.001,4,1322506,1.216174275,551.0919979,90.79,90.73486585,90.66925498,90.68999521,16
100,17,39,450,bidirectional,0,128,0.01,4,1322506,1.160887918,789.404342,89.64,89.52625742,89.5190405,89.51622034,31
100,17,39,450,unidirectional,0,128,0.001,4,464650,0.480302771,292.5794639,90.41,90.33866188,90.3131854,90.31678539,18
100,17,39,450,unidirectional,0,128,0.01,4,464650,0.508652819,169.9860017,11.35,1.135,10,2.038616974,5
100,17,39,450,bidirectional,0.2,128,0.001,4,1322506,1.295882654,1118.973199,91.11,91.03429019,91.01775747,91.01992237,33
100,17,39,450,bidirectional,0.2,128,0.01,4,1322506,1.16559809,403.6464156,84.76,84.56756155,84.58990125,84.53672353,7
100,17,39,450,unidirectional,0.2,128,0.001,4,464650,0.533295021,627.7254576,90.87,90.7783799,90.75794977,90.76586804,43
100,17,39,450,unidirectional,0.2,128,0.01,4,464650,0.496775297,478.2512053,88.56,88.43925655,88.44384891,88.42729762,35
100,17,39,450,bidirectional,0,256,0.001,1,535562,0.738369936,423.2010111,90.66,90.57904489,90.5757073,90.5681122,19
100,17,39,450,bidirectional,0,256,0.01,1,535562,0.760415195,597.7618194,91.9,91.88962976,91.81851449,91.84036785,32
100,17,39,450,unidirectional,0,256,0.001,1,267786,0.519227254,398.6380475,90.73,90.64597539,90.59083815,90.61249457,25
100,17,39,450,unidirectional,0,256,0.01,1,267786,0.45695174,268.6394011,91.07,91.04199238,90.94385389,90.97220715,16
100,17,39,450,bidirectional,0.2,256,0.001,1,535562,0.736763306,419.1707993,91.04,90.9827874,90.93359573,90.94969165,17
100,17,39,450,bidirectional,0.2,256,0.01,1,535562,0.653166806,602.9048918,91.42,91.37130363,91.32866493,91.3455281,31
100,17,39,450,unidirectional,0.2,256,0.001,1,267786,0.540150964,482.4160693,91.37,91.29951363,91.25191882,91.26768924,31
100,17,39,450,unidirectional,0.2,256,0.01,1,267786,0.504021799,533.622742,76.91,76.85622397,76.61521127,76.5353107,39
100,17,39,450,bidirectional,0,256,0.001,2,2112522,1.868277328,1691.236736,90.85,90.75961423,90.75336623,90.75461958,43
100,17,39,450,bidirectional,0,256,0.01,2,2112522,1.55035325,1586.328193,82.79,82.72818116,82.58277912,82.56204318,50
100,17,39,450,unidirectional,0,256,0.001,2,794122,0.96846364,471.5234349,90.71,90.6080646,90.62367748,90.60315379,16
100,17,39,450,unidirectional,0,256,0.01,2,794122,0.761281098,219.397091,36.58,26.18931885,35.97785257,29.68473572,4
100,17,39,450,bidirectional,0.2,256,0.001,2,2112522,1.883276694,1123.43194,91.5,91.43556384,91.42421406,91.42134663,22
100,17,39,450,bidirectional,0.2,256,0.01,2,2112522,1.863975559,1554.317681,92.01,91.96373901,91.92291285,91.93729063,46
100,17,39,450,unidirectional,0.2,256,0.001,2,794122,0.982802245,922.3117852,91.61,91.53242478,91.52327635,91.52341722,42
100,17,39,450,unidirectional,0.2,256,0.01,2,794122,0.7413471,744.2189386,91.14,91.10355938,91.00603496,91.04086473,46
100,17,39,450,bidirectional,0,256,0.001,3,3689482,2.939444664,1453.09264,91,90.92077694,90.89584378,90.9022232,16
100,17,39,450,bidirectional,0,256,0.01,3,3689482,3.035704819,2217.649459,91.46,91.4042349,91.36160351,91.3726129,32
100,17,39,450,unidirectional,0,256,0.001,3,1320458,1.393799401,677.1682981,90.81,90.71486089,90.70050911,90.69230154,16
100,17,39,450,unidirectional,0,256,0.01,3,1320458,1.312356417,766.7352737,44.08,42.81669004,43.33559751,40.11099513,20
100,17,39,450,bidirectional,0.2,256,0.001,3,3689482,2.817496603,1338.428029,91.4,91.36244817,91.29931425,91.32425285,17
100,17,39,450,bidirectional,0.2,256,0.01,3,3689482,3.052845655,793.3668457,11.35,1.135,10,2.038616974,5
100,17,39,450,unidirectional,0.2,256,0.001,3,1320458,1.115981637,1267.49482,91.66,91.58448677,91.57030532,91.57264738,38
100,17,39,450,unidirectional,0.2,256,0.01,3,1320458,1.335757377,393.6547377,31.32,26.30042297,30.8009829,25.41579832,5
100,17,39,450,bidirectional,0,256,0.001,4,5266442,3.904670339,1992.246055,91.22,91.13892556,91.12750731,91.12955715,17
100,17,39,450,bidirectional,0,256,0.01,4,5266442,4.117677091,883.1847315,17.18,7.003275058,16.66496117,8.969212438,2
100,17,39,450,unidirectional,0,256,0.001,4,1846794,1.696106456,1279.515566,91.92,91.84360342,91.84427953,91.84269877,33
100,17,39,450,unidirectional,0,256,0.01,4,1846794,1.709356591,344.7718419,11.35,1.135,10,2.038616974,1
100,17,39,450,bidirectional,0.2,256,0.001,4,5266442,4.275097339,2788.356384,91.61,91.57777093,91.50015422,91.52811485,26
100,17,39,450,bidirectional,0.2,256,0.01,4,5266442,3.923512315,797.9030641,11.35,1.135,10,2.038616974,1
100,17,39,450,unidirectional,0.2,256,0.001,4,1846794,1.749829566,1671.152948,91.76,91.69797467,91.67741108,91.68439062,50
100,17,39,450,unidirectional,0.2,256,0.01,4,1846794,1.638714412,523.4278763,11.35,1.135,10,2.038616974,6
200,37,23,800,bidirectional,0,128,0.001,1,136714,0.3836945,388.7817486,92.32,92.24015001,92.27068135,92.2462638,48
200,37,23,800,bidirectional,0,128,0.01,1,136714,0.3823612,132.1179589,86.44,86.43116394,86.36050162,86.27565995,7
200,37,23,800,unidirectional,0,128,0.001,1,68362,0.184673,187.5371364,92.84,92.79788691,92.7703661,92.76742647,34
200,37,23,800,unidirectional,0,128,0.01,1,68362,0.1952969,164.8436306,91.41,91.33985089,91.32934484,91.32139392,28
200,37,23,800,bidirectional,0.2,128,0.001,1,136714,0.3859085,387.5174146,93.25,93.18212698,93.20368784,93.18506276,41
200,37,23,800,bidirectional,0.2,128,0.01,1,136714,0.3801641,392.2322133,91.23,91.16987344,91.16928736,91.16608171,47
200,37,23,800,unidirectional,0.2,128,0.001,1,68362,0.1961906,228.4936574,92.53,92.45687629,92.4502873,92.44493961,49
200,37,23,800,unidirectional,0.2,128,0.01,1,68362,0.2003554,187.2663942,93.24,93.16536763,93.17838804,93.16718999,31
200,37,23,800,bidirectional,0,128,0.001,2,531978,0.793301,689.4911356,93.79,93.71018018,93.75105168,93.72454204,41
200,37,23,800,bidirectional,0,128,0.01,2,531978,0.7413061,622.3641587,92.85,92.7743061,92.79224955,92.77482929,42
200,37,23,800,unidirectional,0,128,0.001,2,200458,0.3979551,82.6320341,11.35,1.135,10,2.038616974,1
200,37,23,800,unidirectional,0,128,0.01,2,200458,0.3904409,81.9963674,11.35,1.135,10,2.038616974,1
200,37,23,800,bidirectional,0.2,128,0.001,2,531978,0.7408138,625.0086352,94.17,94.10864354,94.12832152,94.11022857,37
200,37,23,800,bidirectional,0.2,128,0.01,2,531978,0.7420795,293.7710714,84.66,85.55974926,84.48949762,84.70496777,13
200,37,23,800,unidirectional,0.2,128,0.001,2,200458,0.3626726,81.4785546,21.8,13.81883204,21.07606382,12.98336971,1
200,37,23,800,unidirectional,0.2,128,0.01,2,200458,0.3576701,78.8715651,11.35,1.135,10,2.038616974,1
200,37,23,800,bidirectional,0,128,0.001,3,927242,1.1177977,482.5695576,93.75,93.72702616,93.67874828,93.68637736,17
200,37,23,800,bidirectional,0,128,0.01,3,927242,1.1199213,891.3022516,81.58,81.55146524,81.42531797,81.44975741,50
200,37,23,800,unidirectional,0,128,0.001,3,332554,0.539456,273.2083001,93.28,93.22645443,93.23574225,93.21420335,18
200,37,23,800,unidirectional,0,128,0.01,3,332554,0.5358139,115.1889931,11.35,1.135,10,2.038616974,2
200,37,23,800,bidirectional,0.2,128,0.001,3,927242,1.1191561,763.8259548,94.51,94.43941885,94.4693854,94.45248674,31
200,37,23,800,bidirectional,0.2,128,0.01,3,927242,1.1388844,344.4088142,65.97,65.6598372,65.68945418,65.43550243,8
200,37,23,800,unidirectional,0.2,128,0.001,3,332554,0.540884,125.217761,11.35,1.135,10,2.038616974,1
200,37,23,800,unidirectional,0.2,128,0.01,3,332554,0.5371818,462.6410542,94.09,94.03024484,94.0462276,94.03395512,33
200,37,23,800,bidirectional,0,128,0.001,4,1322506,1.5112068,1184.561561,94.18,94.10328042,94.11869392,94.10817235,48
200,37,23,800,bidirectional,0,128,0.01,4,1322506,1.5142687,518.6743348,11.55,5.488071215,10.20533881,2.439230539,12
200,37,23,800,unidirectional,0,128,0.001,4,464650,0.7179629,544.8378235,93.39,93.31458853,93.33941324,93.32008041,35
200,37,23,800,unidirectional,0,128,0.01,4,464650,0.7176484,134.1219119,11.35,1.135,10,2.038616974,1
200,37,23,800,bidirectional,0.2,128,0.001,4,1322506,1.514027,729.6718563,93.88,93.84819917,93.82183484,93.82361211,19
200,37,23,800,bidirectional,0.2,128,0.01,4,1322506,1.5129856,303.9487429,11.68,10.30576743,10.32101167,2.665530052,2
200,37,23,800,unidirectional,0.2,128,0.001,4,464650,0.7142178,703.0816931,94.11,94.05275824,94.05934888,94.05038927,50
200,37,23,800,unidirectional,0.2,128,0.01,4,464650,0.7162658,156.7989143,11.37,11.13522705,10.02242152,2.083725932,1
200,37,23,800,bidirectional,0,256,0.001,1,535562,1.5494341,662.1391759,93.48,93.41021538,93.44109288,93.41321021,17
200,37,23,800,bidirectional,0,256,0.01,1,535562,1.6749488,1226.91993,87.48,87.49681187,87.45500918,87.31883102,44
200,37,23,800,unidirectional,0,256,0.001,1,267786,0.6877615,576.8040917,93.73,93.64579684,93.68661487,93.65389218,31
200,37,23,800,unidirectional,0,256,0.01,1,267786,0.8111251,451.7332642,92.19,92.13102915,92.08598403,92.09052613,23
200,37,23,800,bidirectional,0.2,256,0.001,1,535562,1.7202924,1040.004669,93.79,93.7313824,93.74054407,93.72855665,32
200,37,23,800,bidirectional,0.2,256,0.01,1,535562,1.4106172,1090.951504,93.8,93.75463256,93.72762461,93.73107465,34
200,37,23,800,unidirectional,0.2,256,0.001,1,267786,0.8881702,562.8288849,93.06,92.9806547,92.99047181,92.98194259,31
200,37,23,800,unidirectional,0.2,256,0.01,1,267786,0.742451,580.0973919,84.9,85.45806435,84.78582343,84.82496626,32
200,37,23,800,bidirectional,0,256,0.001,2,2112522,4.0049216,2526.734648,94.34,94.2599471,94.29764201,94.27339738,34
200,37,23,800,bidirectional,0,256,0.01,2,2112522,4.5600375,634.9444947,11.35,1.135,10,2.038616974,1
200,37,23,800,unidirectional,0,256,0.001,2,794122,1.908588,1002.407614,93.54,93.48009923,93.49184715,93.48028088,31
200,37,23,800,unidirectional,0,256,0.01,2,794122,1.5970331,1220.97204,91.9,91.81762052,91.81931762,91.79710053,50
200,37,23,800,bidirectional,0.2,256,0.001,2,2112522,4.5429357,1789.444533,93.95,93.87089651,93.90094755,93.87875969,19
200,37,23,800,bidirectional,0.2,256,0.01,2,2112522,4.4827578,3086.17174,53.14,53.74935043,52.52873986,51.24874447,41
200,37,23,800,unidirectional,0.2,256,0.001,2,794122,1.7698716,1429.648854,93.21,93.12990048,93.15197089,93.13711209,46
200,37,23,800,unidirectional,0.2,256,0.01,2,794122,1.8549086,342.4847795,11.35,1.135,10,2.038616974,2
200,37,23,800,bidirectional,0,256,0.001,3,3689482,6.250988,2515.183636,94.75,94.70986267,94.70426006,94.69860061,16
200,37,23,800,bidirectional,0,256,0.01,3,3689482,6.3016865,1255.772304,35.53,30.81732781,34.44474068,28.01221831,3
200,37,23,800,unidirectional,0,256,0.001,3,1320458,3.5186744,457.4785145,11.35,1.135,10,2.038616974,1
200,37,23,800,unidirectional,0,256,0.01,3,1320458,3.1669047,666.3205481,11.35,1.135,10,2.038616974,6
200,37,23,800,bidirectional,0.2,256,0.001,3,3689482,6.089979,4403.650182,94.77,94.71575946,94.74163264,94.72399641,35
200,37,23,800,bidirectional,0.2,256,0.01,3,3689482,6.1315016,1550.148219,11.46,4.931404521,10.11293634,2.263282187,6
200,37,23,800,unidirectional,0.2,256,0.001,3,1320458,3.2323441,2037.607527,94.47,94.39382681,94.43861151,94.4111544,36
200,37,23,800,unidirectional,0.2,256,0.01,3,1320458,2.9548264,479.0293894,11.35,1.135,10,2.038616974,1
200,37,23,800,bidirectional,0,256,0.001,4,5266442,7.8319554,3261.052616,94.44,94.37673659,94.37808266,94.3735832,16
200,37,23,800,bidirectional,0,256,0.01,4,5266442,7.9016813,1360.471417,11.35,1.135,10,2.038616974,1
200,37,23,800,unidirectional,0,256,0.001,4,1846794,4.111813,2668.68677,93.84,93.77135017,93.78174074,93.7745215,38
200,37,23,800,unidirectional,0,256,0.01,4,1846794,4.2876648,1331.158343,11.35,1.135,10,2.038616974,14
200,37,23,800,bidirectional,0.2,256,0.001,4,5266442,8.6619302,5240.139742,94.65,94.59647769,94.60587637,94.59775294,31
200,37,23,800,bidirectional,0.2,256,0.01,4,5266442,8.1545907,2645.670143,11.35,1.135,10,2.038616974,11
200,37,23,800,unidirectional,0.2,256,0.001,4,1846794,4.0878332,2381.798855,94.45,94.38530405,94.40301187,94.39051835,31
200,37,23,800,unidirectional,0.2,256,0.01,4,1846794,3.9270831,635.4072137,11.35,1.135,10,2.038616974,1
500,39,41,1200,bidirectional,0,128,0.001,1,136714,1.131541469,662.1694833,96.04,95.99156874,96.02144013,96.00020701,19
500,39,41,1200,bidirectional,0,128,0.01,1,136714,1.114022435,246.73238,47.36,47.54595627,47.08105947,46.05259029,1
500,39,41,1200,unidirectional,0,128,0.001,1,68362,0.567958134,648.0428627,96.15,96.12805884,96.11430624,96.11772561,37
500,39,41,1200,unidirectional,0,128,0.01,1,68362,0.556214458,416.8827382,92.36,92.38842001,92.29108024,92.29449995,22
500,39,41,1200,bidirectional,0.2,128,0.001,1,136714,1.139698636,1027.857959,95.83,95.80459484,95.78376069,95.79162455,35
500,39,41,1200,bidirectional,0.2,128,0.01,1,136714,1.080397072,625.8973537,89.23,89.27659074,89.11882155,89.13814572,18
500,39,41,1200,unidirectional,0.2,128,0.001,1,68362,0.567336711,152.0506861,50.65,49.71100486,50.16645743,47.70091662,1
500,39,41,1200,unidirectional,0.2,128,0.01,1,68362,0.561114379,284.0610917,92.6,92.58508053,92.53333612,92.50096642,11
500,39,41,1200,bidirectional,0,128,0.001,2,531978,2.725656891,1856.503963,95.82,95.77782399,95.75712233,95.76437724,31
500,39,41,1200,bidirectional,0,128,0.01,2,531978,2.71468623,1962.329312,95.55,95.51878263,95.51405193,95.50574693,31
500,39,41,1200,unidirectional,0,128,0.001,2,200458,1.165583405,798.5872063,95.79,95.76916566,95.76861898,95.75905565,24
500,39,41,1200,unidirectional,0,128,0.01,2,200458,1.16881159,1122.708721,93.85,93.8063862,93.79399649,93.7835201,46
500,39,41,1200,bidirectional,0.2,128,0.001,2,531978,2.621426042,2001.687804,96.43,96.39929394,96.39625413,96.39630089,31
500,39,41,1200,bidirectional,0.2,128,0.01,2,531978,2.681662672,2454.684391,94.05,94.04097789,93.99969518,93.98906384,50
500,39,41,1200,unidirectional,0.2,128,0.001,2,200458,1.234668915,1188.875298,96.66,96.63358892,96.64454018,96.63573084,49
500,39,41,1200,unidirectional,0.2,128,0.01,2,200458,1.142254124,1116.831711,95.71,95.66462905,95.65932937,95.65487263,46
500,39,41,1200,bidirectional,0,128,0.001,3,927242,4.294657325,3766.22168,96.46,96.42124642,96.4225456,96.42057194,43
500,39,41,1200,bidirectional,0,128,0.01,3,927242,3.870586492,3301.008025,87.22,87.22579486,87.13590468,87.05754151,48
500,39,41,1200,unidirectional,0,128,0.001,3,332554,1.923883674,1671.947738,96.13,96.09957644,96.09756939,96.09545116,41
500,39,41,1200,unidirectional,0,128,0.01,3,332554,1.82341916,922.3571987,87.81,87.72081594,87.64269988,87.60906757,18
500,39,41,1200,bidirectional,0.2,128,0.001,3,927242,4.031483133,4041.049965,96.67,96.63922535,96.64991857,96.64266488,47
500,39,41,1200,bidirectional,0.2,128,0.01,3,927242,4.159611643,1726.938881,86.48,86.43718365,86.24215957,86.30273483,13
500,39,41,1200,unidirectional,0.2,128,0.001,3,332554,1.920255309,1794.401625,96.61,96.59655192,96.57830124,96.58556448,47
500,39,41,1200,unidirectional,0.2,128,0.01,3,332554,1.829069232,1740.818583,96.48,96.45733714,96.44842931,96.45208254,50
500,39,41,1200,bidirectional,0,128,0.001,4,1322506,5.596324093,4872.203675,96.72,96.69899473,96.6892685,96.69222451,43
500,39,41,1200,bidirectional,0,128,0.01,4,1322506,5.442164718,4967.258991,93.84,93.80706554,93.77601953,93.77642865,50
500,39,41,1200,unidirectional,0,128,0.001,4,464650,2.474795283,1198.710759,96.03,96.01038032,95.99791823,95.99813252,18
500,39,41,1200,unidirectional,0,128,0.01,4,464650,2.457933261,2186.457752,94.9,94.84732179,94.84251628,94.8399001,47
500,39,41,1200,bidirectional,0.2,128,0.001,4,1322506,5.889946571,4410.968519,96.82,96.81899773,96.78810913,96.79906971,31
500,39,41,1200,bidirectional,0.2,128,0.01,4,1322506,5.78926303,4876.234726,95.6,95.57132587,95.53614776,95.54708301,36
500,39,41,1200,unidirectional,0.2,128,0.001,4,464650,2.531249239,1825.560311,96.44,96.40787884,96.4044025,96.40564183,31
500,39,41,1200,unidirectional,0.2,128,0.01,4,464650,2.376643696,474.9346037,11.35,1.135,10,2.038616974,1
500,39,41,1200,bidirectional,0,256,0.001,1,535562,4.01046111,2624.942274,96.62,96.59736131,96.59103711,96.59182544,31
500,39,41,1200,bidirectional,0,256,0.01,1,535562,4.005055378,3191.053438,94.83,94.79056588,94.76739227,94.77383525,46
500,39,41,1200,unidirectional,0,256,0.001,1,267786,2.662350322,2210.0149,95.52,95.47037507,95.46588238,95.46396235,46
500,39,41,1200,unidirectional,0,256,0.01,1,267786,2.983681692,2137.086513,94.94,94.91014371,94.88718154,94.89521525,38
500,39,41,1200,bidirectional,0.2,256,0.001,1,535562,4.043403293,3240.383363,96.37,96.34000265,96.33973528,96.3371781,48
500,39,41,1200,bidirectional,0.2,256,0.01,1,535562,4.014032647,805.7265014,57.2,63.0077142,56.77947941,55.51485399,3
500,39,41,1200,unidirectional,0.2,256,0.001,1,267786,2.849728489,2216.023417,95.86,95.85323438,95.81773665,95.82587741,44
500,39,41,1200,unidirectional,0.2,256,0.01,1,267786,2.689688965,2253.427063,62.38,61.51223225,61.87153318,60.53351161,50
500,39,41,1200,bidirectional,0,256,0.001,2,2112522,10.07480667,8026.484021,96.85,96.8192058,96.81138946,96.81379474,42
500,39,41,1200,bidirectional,0,256,0.01,2,2112522,9.214159016,1629.277562,34.26,31.49200814,33.84779353,29.29910171,1
500,39,41,1200,unidirectional,0,256,0.001,2,794122,4.936251342,3572.762561,96.81,96.78094752,96.78792845,96.782318,35
500,39,41,1200,unidirectional,0,256,0.01,2,794122,4.701447591,3555.125532,94.74,94.69966447,94.70877489,94.69353716,36
500,39,41,1200,bidirectional,0.2,256,0.001,2,2112522,4.598188666,6456.309683,96.09,96.0625182,96.05878293,96.05796873,33
500,39,41,1200,bidirectional,0.2,256,0.01,2,2112522,9.069603864,2845.755053,82.36,82.73796978,82.21057689,82.17789206,8
500,39,41,1200,unidirectional,0.2,256,0.001,2,794122,4.864689717,893.9230471,71.97,71.86301415,71.41687734,71.08900044,1
500,39,41,1200,unidirectional,0.2,256,0.01,2,794122,4.551294144,1694.761956,94.1,94.05371054,94.02669804,94.02071889,13
500,39,41,1200,bidirectional,0,256,0.001,3,3689482,7.325539728,5272.059185,96.32,96.29406257,96.28461882,96.28751504,34
500,39,41,1200,bidirectional,0,256,0.01,3,3689482,15.26062329,4955.971467,32.35,23.27289074,31.65750342,26.02124934,10
500,39,41,1200,unidirectional,0,256,0.001,3,1320458,2.881466308,2176.105341,96.79,96.76386646,96.73806276,96.74956645,31
500,39,41,1200,unidirectional,0,256,0.01,3,1320458,5.969858141,1179.315207,11.35,1.135,10,2.038616974,1
500,39,41,1200,bidirectional,0.2,256,0.001,3,3689482,7.322957075,5306.990078,96.63,96.59084982,96.59925108,96.5941306,33
500,39,41,1200,bidirectional,0.2,256,0.01,3,3689482,15.71443281,3167.941965,47.6,44.7536072,47.33658607,44.94949383,2
500,39,41,1200,unidirectional,0.2,256,0.001,3,1320458,2.872072278,2644.340279,97.02,96.98397031,96.99122284,96.98612816,38
500,39,41,1200,unidirectional,0.2,256,0.01,3,1320458,6.275771807,1297.776739,11.35,1.135,10,2.038616974,1
500,39,41,1200,bidirectional,0,256,0.001,4,5266442,10.06162475,8211.037861,96.48,96.4349892,96.44749584,96.43967357,47
500,39,41,1200,bidirectional,0,256,0.01,4,5266442,21.00052575,3840.750585,38.09,35.43095842,37.47529283,33.33062088,1
500,39,41,1200,unidirectional,0,256,0.001,4,1846794,3.994712906,1824.412594,96.38,96.35031566,96.33943656,96.33852048,17
500,39,41,1200,unidirectional,0,256,0.01,4,1846794,8.45278425,2212.81935,11.35,1.135,10,2.038616974,5
500,39,41,1200,bidirectional,0.2,256,0.001,4,5266442,10.08843687,7239.388333,96.65,96.63595908,96.6197724,96.62330542,33
500,39,41,1200,bidirectional,0.2,256,0.01,4,5266442,21.73123266,4296.097031,29.2,32.92284881,28.57789737,22.36943917,2
500,39,41,1200,unidirectional,0.2,256,0.001,4,1846794,3.995668102,3467.441251,97.03,97.01073875,97.00616537,97.0069075,48
500,39,41,1200,unidirectional,0.2,256,0.01,4,1846794,8.371010116,1656.503429,11.35,1.135,10,2.038616974,1
50,43,37,350,bidirectional,0,128,0.001,1,136714,0.098902597,155.2264878,80.88,80.62369115,80.61086852,80.57387813,25
50,43,37,350,bidirectional,0,128,0.01,1,136714,0.095421257,116.135507,80.97,80.89570167,80.70672516,80.73772912,16
50,43,37,350,unidirectional,0,128,0.001,1,68362,0.037388776,130.0971397,80.22,79.9227262,79.92138249,79.89946973,33
50,43,37,350,unidirectional,0,128,0.01,1,68362,0.049382618,107.42995,81.27,81.09920378,80.98297088,80.99177313,20
50,43,37,350,bidirectional,0.2,128,0.001,1,136714,0.103826428,222.0821633,81.35,81.13269506,81.107044,81.09799018,39
50,43,37,350,bidirectional,0.2,128,0.01,1,136714,0.106934198,128.5051051,81.77,81.59865303,81.58239173,81.56963464,18
50,43,37,350,unidirectional,0.2,128,0.001,1,68362,0.044589299,160.595386,80.9,80.6483042,80.66082009,80.63901653,34
50,43,37,350,unidirectional,0.2,128,0.01,1,68362,0.052333857,158.3718815,81.47,81.24337961,81.22316312,81.22149926,33
50,43,37,350,bidirectional,0,128,0.001,2,531978,0.25639975,192.6312389,81.39,81.22669423,81.13488851,81.15366268,18
50,43,37,350,bidirectional,0,128,0.01,2,531978,0.301361135,193.5076341,81.13,81.04555515,80.89596568,80.93174597,18
50,43,37,350,unidirectional,0,128,0.001,2,200458,0.141916411,194.2385723,81.13,80.92086391,80.8801927,80.87903085,31
50,43,37,350,unidirectional,0,128,0.01,2,200458,0.123049476,114.3976324,81.76,81.71418798,81.46443851,81.48658663,16
50,43,37,350,bidirectional,0.2,128,0.001,2,531978,0.294951659,192.0885455,81.62,81.41749089,81.3570649,81.35617648,18
50,43,37,350,bidirectional,0.2,128,0.01,2,531978,0.305731069,252.0268794,82.1,81.95263183,81.86661007,81.89091398,27
50,43,37,350,unidirectional,0.2,128,0.001,2,200458,0.135060343,251.8141505,81.4,81.20200044,81.19293233,81.17536223,38
50,43,37,350,unidirectional,0.2,128,0.01,2,200458,0.113522583,141.4454049,82.28,82.05402485,82.03370412,82.02764558,18
50,43,37,350,bidirectional,0,128,0.001,3,927242,0.428111757,233.6201737,81.52,81.38095637,81.2570071,81.2915575,19
50,43,37,350,bidirectional,0,128,0.01,3,927242,0.449429475,103.7536469,74.76,74.43835919,74.47337004,74.36801971,3
50,43,37,350,unidirectional,0,128,0.001,3,332554,0.191551196,229.5803521,81.42,81.24701588,81.14872218,81.17060653,26
50,43,37,350,unidirectional,0,128,0.01,3,332554,0.188827246,192.5629782,81.3,81.13503907,81.06649941,81.08207292,22
50,43,37,350,bidirectional,0.2,128,0.001,3,927242,0.439852097,305.1558239,81.85,81.67440993,81.59048078,81.60460553,18
50,43,37,350,bidirectional,0.2,128,0.01,3,927242,0.485247622,468.0694166,82.39,82.2298271,82.1636624,82.18410962,38
50,43,37,350,unidirectional,0.2,128,0.001,3,332554,0.226111208,235.1931248,81.82,81.65793963,81.54997467,81.56715505,22
50,43,37,350,unidirectional,0.2,128,0.01,3,332554,0.185845795,344.7552846,81.91,81.67354751,81.64649733,81.63795948,39
50,43,37,350,bidirectional,0,128,0.001,4,1322506,0.583225887,331.7256682,81.8,81.66169078,81.542039,81.55443416,16
50,43,37,350,bidirectional,0,128,0.01,4,1322506,0.565756018,140.3992638,17.04,3.409800189,16.70975753,5.663830016,2
50,43,37,350,unidirectional,0,128,0.001,4,464650,0.28991899,213.5979545,81.31,81.17090483,81.06979771,81.09968258,18
50,43,37,350,unidirectional,0,128,0.01,4,464650,0.25201895,79.35827206,11.35,1.135,10,2.038616974,1
50,43,37,350,bidirectional,0.2,128,0.001,4,1322506,0.548620139,299.6915097,81.79,81.59269589,81.55696482,81.55303703,16
50,43,37,350,bidirectional,0.2,128,0.01,4,1322506,0.727364392,158.578041,65.48,66.20258222,65.10095681,64.826014,1
50,43,37,350,unidirectional,0.2,128,0.001,4,464650,0.271016359,205.4783509,82.43,82.30447279,82.23417408,82.23642689,21
50,43,37,350,unidirectional,0.2,128,0.01,4,464650,0.329513782,90.80357121,11.37,11.13522705,10.02053388,2.07996681,1
50,43,37,350,bidirectional,0,256,0.001,1,535562,0.268001335,234.3581363,81.04,80.90181893,80.78702755,80.79170813,18
50,43,37,350,bidirectional,0,256,0.01,1,535562,0.356152218,290.6222582,81.6,81.38003063,81.34001954,81.32770215,19
50,43,37,350,unidirectional,0,256,0.001,1,267786,0.226147991,189.6957478,80.86,80.62971159,80.60239736,80.60208025,23
50,43,37,350,unidirectional,0,256,0.01,1,267786,0.218396289,286.7472918,81.31,81.09066751,81.08096748,81.06314206,32
50,43,37,350,bidirectional,0.2,256,0.001,1,535562,0.372864861,271.3114533,81.37,81.14862248,81.12971725,81.09134287,20
50,43,37,350,bidirectional,0.2,256,0.01,1,535562,0.314987113,234.4923528,81.75,81.65146818,81.56337258,81.54459807,18
50,43,37,350,unidirectional,0.2,256,0.001,1,267786,0.219276449,230.621153,81.22,81.01231379,80.93476691,80.9358385,28
50,43,37,350,unidirectional,0.2,256,0.01,1,267786,0.188180074,153.5239105,81.68,81.54538027,81.38915187,81.40408913,16
50,43,37,350,bidirectional,0,256,0.001,2,2112522,0.932852672,423.5824882,81.38,81.26694659,81.11512361,81.14444806,16
50,43,37,350,bidirectional,0,256,0.01,2,2112522,0.92972931,486.509117,81.1,80.86743499,80.89177706,80.86262492,21
50,43,37,350,unidirectional,0,256,0.001,2,794122,0.484007015,282.0061262,81.73,81.51868364,81.49881922,81.46453354,17
50,43,37,350,unidirectional,0,256,0.01,2,794122,0.310452049,449.0524921,81.03,80.81586641,80.76098289,80.75345539,49
50,43,37,350,bidirectional,0.2,256,0.001,2,2112522,0.938483283,464.1403616,81.87,81.715849,81.61484646,81.63387003,16
50,43,37,350,bidirectional,0.2,256,0.01,2,2112522,0.940749823,522.555479,81.53,81.34564889,81.36791606,81.31886705,21
50,43,37,350,unidirectional,0.2,256,0.001,2,794122,0.456751305,314.1327633,81.59,81.41624578,81.4025805,81.36153718,19
50,43,37,350,unidirectional,0.2,256,0.01,2,794122,0.464453121,305.2883322,82.05,81.88386285,81.84712328,81.85600361,19
50,43,37,350,bidirectional,0,256,0.001,3,3689482,1.469335466,739.5216367,81.53,81.41696526,81.25661936,81.29100078,16
50,43,37,350,bidirectional,0,256,0.01,3,3689482,1.512278285,440.2425536,41.49,40.10204135,40.74445874,35.77093624,6
50,43,37,350,unidirectional,0,256,0.001,3,1320458,0.677995961,371.328456,81.86,81.70665835,81.64152862,81.64892796,17
50,43,37,350,unidirectional,0,256,0.01,3,1320458,0.683531126,221.6424329,11.35,1.135,10,2.038616974,6
50,43,37,350,bidirectional,0.2,256,0.001,3,3689482,1.581772857,816.1663364,81.93,81.76926877,81.68994605,81.70609591,17
50,43,37,350,bidirectional,0.2,256,0.01,3,3689482,1.515117347,354.1783152,11.35,1.135,10,2.038616974,2
50,43,37,350,unidirectional,0.2,256,0.001,3,1320458,0.65163719,509.0686943,81.99,81.86360214,81.71991488,81.76188951,25
50,43,37,350,unidirectional,0.2,256,0.01,3,1320458,0.696021124,158.3815968,11.35,1.135,10,2.038616974,1
50,43,37,350,bidirectional,0,256,0.001,4,5266442,1.582870956,768.2873557,81.78,81.61309754,81.56171552,81.55841867,17
50,43,37,350,bidirectional,0,256,0.01,4,5266442,1.943662174,399.0159243,11.35,1.135,10,2.038616974,1
50,43,37,350,unidirectional,0,256,0.001,4,1846794,0.662125464,463.14135,82.14,82.04238732,81.92841251,81.92263489,19
50,43,37,350,unidirectional,0,256,0.01,4,1846794,0.848029553,245.2853288,11.35,1.135,10,2.038616974,4
50,43,37,350,bidirectional,0.2,256,0.001,4,5266442,1.852918956,880.2527241,81.86,81.66639502,81.65670569,81.64518666,17
50,43,37,350,bidirectional,0.2,256,0.01,4,5266442,1.965566105,897.1266773,11.35,1.135,10,2.038616974,13
50,43,37,350,unidirectional,0.2,256,0.001,4,1846794,0.692986486,398.4316964,82.17,82.02776429,81.94417575,81.96433083,17
50,43,37,350,unidirectional,0.2,256,0.01,4,1846794,0.891526172,196.8230916,11.35,1.135,10,2.038616974,1
